Metric,Mean,Std
Dice,7.61722371862561e-05,2.6359611748483772e-05
IoU,7.61722371862561e-05,2.6359611748483772e-05
